-- MySQL Script generated by MySQL Workbench
-- Fri 27 Dec 2019 01:55:15 PM CET
-- Model: New Model    Version: 1.0
-- MySQL Workbench Forward Engineering

SET @OLD_UNIQUE_CHECKS=@@UNIQUE_CHECKS, UNIQUE_CHECKS=0;
SET @OLD_FOREIGN_KEY_CHECKS=@@FOREIGN_KEY_CHECKS, FOREIGN_KEY_CHECKS=0;
SET @OLD_SQL_MODE=@@SQL_MODE, SQL_MODE='TRADITIONAL,ALLOW_INVALID_DATES';

-- -----------------------------------------------------
-- Schema testsqltex
-- -----------------------------------------------------
DROP SCHEMA IF EXISTS `testsqltex` ;

-- -----------------------------------------------------
-- Schema testsqltex
-- -----------------------------------------------------
CREATE SCHEMA IF NOT EXISTS `testsqltex` DEFAULT CHARACTER SET utf8 ;
USE `testsqltex` ;

-- -----------------------------------------------------
-- Table `testsqltex`.`customer`
-- -----------------------------------------------------
DROP TABLE IF EXISTS `testsqltex`.`customer` ;

CREATE TABLE IF NOT EXISTS `testsqltex`.`customer` (
  `nr` INT NOT NULL,
  `name` VARCHAR(45) NOT NULL,
  `city` VARCHAR(45) NULL,
  PRIMARY KEY (`nr`))
ENGINE = InnoDB;


-- -----------------------------------------------------
-- Table `testsqltex`.`invoice`
-- -----------------------------------------------------
DROP TABLE IF EXISTS `testsqltex`.`invoice` ;

CREATE TABLE IF NOT EXISTS `testsqltex`.`invoice` (
  `nr` INT NOT NULL,
  `cust_nr` INT NOT NULL,
  `invoice_date` DATE NOT NULL,
  `due_date` DATE NOT NULL,
  `pay_date` DATE NULL,
  `reminders` INT NOT NULL DEFAULT 0,
  `last_reminder` DATE NULL,
  PRIMARY KEY (`nr`),
  INDEX `fk_invoice_1_idx` (`cust_nr` ASC),
  CONSTRAINT `fk_invoice_1`
    FOREIGN KEY (`cust_nr`)
    REFERENCES `testsqltex`.`customer` (`nr`)
    ON DELETE NO ACTION
    ON UPDATE NO ACTION)
ENGINE = InnoDB;


-- -----------------------------------------------------
-- Table `testsqltex`.`article`
-- -----------------------------------------------------
DROP TABLE IF EXISTS `testsqltex`.`article` ;

CREATE TABLE IF NOT EXISTS `testsqltex`.`article` (
  `nr` INT NOT NULL,
  `price` FLOAT NOT NULL,
  `name` VARCHAR(45) NULL,
  PRIMARY KEY (`nr`))
ENGINE = InnoDB;


-- -----------------------------------------------------
-- Table `testsqltex`.`invoice_line`
-- -----------------------------------------------------
DROP TABLE IF EXISTS `testsqltex`.`invoice_line` ;

CREATE TABLE IF NOT EXISTS `testsqltex`.`invoice_line` (
  `nr` INT NOT NULL,
  `invoice_nr` INT NOT NULL,
  `article_nr` INT NOT NULL,
  `amount` INT NOT NULL,
  INDEX `fk_invoice_line_1_idx` (`invoice_nr` ASC),
  INDEX `fk_invoice_line_2_idx` (`article_nr` ASC),
  PRIMARY KEY (`nr`, `invoice_nr`),
  CONSTRAINT `fk_invoice_line_1`
    FOREIGN KEY (`invoice_nr`)
    REFERENCES `testsqltex`.`invoice` (`nr`)
    ON DELETE NO ACTION
    ON UPDATE NO ACTION,
  CONSTRAINT `fk_invoice_line_2`
    FOREIGN KEY (`article_nr`)
    REFERENCES `testsqltex`.`article` (`nr`)
    ON DELETE NO ACTION
    ON UPDATE NO ACTION)
ENGINE = InnoDB;



-- -----------------------------------------------------
-- Table `testsqltex`.`text_strings`
-- -----------------------------------------------------
DROP TABLE IF EXISTS `testsqltex`.`text_strings` ;

CREATE TABLE IF NOT EXISTS `testsqltex`.`text_strings` (
  `nr` INT NOT NULL AUTO_INCREMENT,
  `txt` VARCHAR(120) NULL,
  PRIMARY KEY (`nr`))
ENGINE = InnoDB;


SET SQL_MODE=@OLD_SQL_MODE;
SET FOREIGN_KEY_CHECKS=@OLD_FOREIGN_KEY_CHECKS;
SET UNIQUE_CHECKS=@OLD_UNIQUE_CHECKS;

-- -----------------------------------------------------
-- Data for table `testsqltex`.`customer`
-- -----------------------------------------------------
START TRANSACTION;
USE `testsqltex`;
INSERT INTO `testsqltex`.`customer` (`nr`, `name`, `city`) VALUES (56, 'Ludwig', 'Bonn');
INSERT INTO `testsqltex`.`customer` (`nr`, `name`, `city`) VALUES (87, 'Frederic', 'Zelazowa Wola');
INSERT INTO `testsqltex`.`customer` (`nr`, `name`, `city`) VALUES (88, 'Franz', 'Raiding');
INSERT INTO `testsqltex`.`customer` (`nr`, `name`, `city`) VALUES (52, 'Wolfgang', 'Salzburg');
INSERT INTO `testsqltex`.`customer` (`nr`, `name`, `city`) VALUES (14, 'Johannes', 'Eisenach');

COMMIT;


-- -----------------------------------------------------
-- Data for table `testsqltex`.`invoice`
-- -----------------------------------------------------
START TRANSACTION;
USE `testsqltex`;
INSERT INTO `testsqltex`.`invoice` (`nr`, `cust_nr`, `invoice_date`, `due_date`, `pay_date`, `reminders`, `last_reminder`) VALUES (20190138, 56, '2019-08-05', '2019-09-05', '2019-09-04', DEFAULT, NULL);
INSERT INTO `testsqltex`.`invoice` (`nr`, `cust_nr`, `invoice_date`, `due_date`, `pay_date`, `reminders`, `last_reminder`) VALUES (20190062, 87, '2019-05-24', '2019-06-24', '2019-07-25', 1, '2019-07-24');
INSERT INTO `testsqltex`.`invoice` (`nr`, `cust_nr`, `invoice_date`, `due_date`, `pay_date`, `reminders`, `last_reminder`) VALUES (20190047, 88, '2019-06-18', '2019-07-18', NULL, 1, '2019-08-18');
INSERT INTO `testsqltex`.`invoice` (`nr`, `cust_nr`, `invoice_date`, `due_date`, `pay_date`, `reminders`, `last_reminder`) VALUES (20190216, 52, '2019-10-17', '2019-11-17', NULL, DEFAULT, NULL);
INSERT INTO `testsqltex`.`invoice` (`nr`, `cust_nr`, `invoice_date`, `due_date`, `pay_date`, `reminders`, `last_reminder`) VALUES (20190091, 14, '2019-07-22', '2019-08-22', NULL, DEFAULT, NULL);
INSERT INTO `testsqltex`.`invoice` (`nr`, `cust_nr`, `invoice_date`, `due_date`, `pay_date`, `reminders`, `last_reminder`) VALUES (20190205, 87, '2019-10-12', '2019-11-12', '2019-10-28', DEFAULT, NULL);

COMMIT;


-- -----------------------------------------------------
-- Data for table `testsqltex`.`article`
-- -----------------------------------------------------
START TRANSACTION;
USE `testsqltex`;
INSERT INTO `testsqltex`.`article` (`nr`, `price`, `name`) VALUES (1, 12.50, 'Book');
INSERT INTO `testsqltex`.`article` (`nr`, `price`, `name`) VALUES (2, 9.50, 'CD');
INSERT INTO `testsqltex`.`article` (`nr`, `price`, `name`) VALUES (3, 16.75, 'DVD');
INSERT INTO `testsqltex`.`article` (`nr`, `price`, `name`) VALUES (4, 5.00, 'Sheetmusic');
INSERT INTO `testsqltex`.`article` (`nr`, `price`, `name`) VALUES (5, 2.50, 'Blocnote');
INSERT INTO `testsqltex`.`article` (`nr`, `price`, `name`) VALUES (6, 1.65, 'Musicpaper');
INSERT INTO `testsqltex`.`article` (`nr`, `price`, `name`) VALUES (7, 0.15, 'Pencil');
INSERT INTO `testsqltex`.`article` (`nr`, `price`, `name`) VALUES (8, 99.50, 'Portable recorder');
INSERT INTO `testsqltex`.`article` (`nr`, `price`, `name`) VALUES (9, 24.50, 'Microphone stand');
INSERT INTO `testsqltex`.`article` (`nr`, `price`, `name`) VALUES (10, 38.95, 'Metronome');

COMMIT;


-- -----------------------------------------------------
-- Data for table `testsqltex`.`invoice_line`
-- -----------------------------------------------------
START TRANSACTION;
USE `testsqltex`;
INSERT INTO `testsqltex`.`invoice_line` (`nr`, `invoice_nr`, `article_nr`, `amount`) VALUES (1, 20190138, 4, 4);
INSERT INTO `testsqltex`.`invoice_line` (`nr`, `invoice_nr`, `article_nr`, `amount`) VALUES (2, 20190138, 10, 1);
INSERT INTO `testsqltex`.`invoice_line` (`nr`, `invoice_nr`, `article_nr`, `amount`) VALUES (1, 20190062, 6, 10);
INSERT INTO `testsqltex`.`invoice_line` (`nr`, `invoice_nr`, `article_nr`, `amount`) VALUES (2, 20190062, 7, 5);
INSERT INTO `testsqltex`.`invoice_line` (`nr`, `invoice_nr`, `article_nr`, `amount`) VALUES (3, 20190062, 5, 1);
INSERT INTO `testsqltex`.`invoice_line` (`nr`, `invoice_nr`, `article_nr`, `amount`) VALUES (1, 20190047, 8, 1);
INSERT INTO `testsqltex`.`invoice_line` (`nr`, `invoice_nr`, `article_nr`, `amount`) VALUES (1, 20190216, 1, 1);
INSERT INTO `testsqltex`.`invoice_line` (`nr`, `invoice_nr`, `article_nr`, `amount`) VALUES (2, 20190216, 3, 1);
INSERT INTO `testsqltex`.`invoice_line` (`nr`, `invoice_nr`, `article_nr`, `amount`) VALUES (1, 20190091, 6, 5);
INSERT INTO `testsqltex`.`invoice_line` (`nr`, `invoice_nr`, `article_nr`, `amount`) VALUES (2, 20190091, 9, 1);
INSERT INTO `testsqltex`.`invoice_line` (`nr`, `invoice_nr`, `article_nr`, `amount`) VALUES (1, 20190205, 6, 10);
INSERT INTO `testsqltex`.`invoice_line` (`nr`, `invoice_nr`, `article_nr`, `amount`) VALUES (2, 20190205, 5, 2);
INSERT INTO `testsqltex`.`invoice_line` (`nr`, `invoice_nr`, `article_nr`, `amount`) VALUES (3, 20190205, 7, 3);

COMMIT;

-- -----------------------------------------------------
-- Data for table `testsqltex`.`text_strings`
-- -----------------------------------------------------
START TRANSACTION;
USE `testsqltex`;
INSERT INTO `testsqltex`.`text_strings` (`txt`) VALUES ('$_%&<>{}#\~');
INSERT INTO `testsqltex`.`text_strings` (`txt`) VALUES ('<p align="left">Paragraph</p>');
INSERT INTO `testsqltex`.`text_strings` (`txt`) VALUES ('Line1<br>Line2');
INSERT INTO `testsqltex`.`text_strings` (`txt`) VALUES ('Line3<br/>Line4');
INSERT INTO `testsqltex`.`text_strings` (`txt`) VALUES ('<h1>Header 1</h1>');
INSERT INTO `testsqltex`.`text_strings` (`txt`) VALUES ('<h2 style="background-color: white;">Header 2</h2>');

COMMIT;


